[{"model": "admin.logentry", "pk": 1, "fields": {"action_time": "2022-10-10T08:47:31.823Z", "user": 1, "content_type": 6, "object_id": "2", "object_repr": "Abdulvorise1", "action_flag": 1, "change_message": "[{\"added\": {}}]"}}, {"model": "admin.logentry", "pk": 2, "fields": {"action_time": "2022-10-10T09:03:54.347Z", "user": 1, "content_type": 6, "object_id": "2", "object_repr": "Abdulvorise1", "action_flag": 3, "change_message": ""}}, {"model": "admin.logentry", "pk": 3, "fields": {"action_time": "2022-10-10T09:04:52.264Z", "user": 1, "content_type": 6, "object_id": "3", "object_repr": "Abdulvorise1", "action_flag": 1, "change_message": "[{\"added\": {}}]"}}, {"model": "admin.logentry", "pk": 4, "fields": {"action_time": "2022-10-10T09:51:02.527Z", "user": 1, "content_type": 8, "object_id": "1", "object_repr": "d2ccbfcb86207be85e66a545a0e1de8cd46c3c26", "action_flag": 1, "change_message": "[{\"added\": {}}]"}}, {"model": "admin.logentry", "pk": 5, "fields": {"action_time": "2022-10-10T10:05:48.253Z", "user": 1, "content_type": 8, "object_id": "4", "object_repr": "09c65893b40c20a08289b2dd3cd204e7a4f35431", "action_flag": 3, "change_message": ""}}, {"model": "admin.logentry", "pk": 6, "fields": {"action_time": "2022-10-10T10:26:04.447Z", "user": 1, "content_type": 10, "object_id": "1", "object_repr": "Category object (1)", "action_flag": 1, "change_message": "[{\"added\": {}}]"}}, {"model": "admin.logentry", "pk": 7, "fields": {"action_time": "2022-10-10T10:27:02.663Z", "user": 1, "content_type": 10, "object_id": "2", "object_repr": "Вертикальные тканевые", "action_flag": 1, "change_message": "[{\"added\": {}}]"}}, {"model": "admin.logentry", "pk": 8, "fields": {"action_time": "2022-10-10T10:27:22.366Z", "user": 1, "content_type": 10, "object_id": "3", "object_repr": "Горизонтальные алюминиевые", "action_flag": 1, "change_message": "[{\"added\": {}}]"}}, {"model": "admin.logentry", "pk": 9, "fields": {"action_time": "2022-10-10T10:27:40.652Z", "user": 1, "content_type": 10, "object_id": "4", "object_repr": "Мультифактурные жалюзи", "action_flag": 1, "change_message": "[{\"added\": {}}]"}}, {"model": "admin.logentry", "pk": 10, "fields": {"action_time": "2022-10-10T10:28:24.587Z", "user": 1, "content_type": 10, "object_id": "5", "object_repr": "Горизонтальные деревянные", "action_flag": 1, "change_message": "[{\"added\": {}}]"}}, {"model": "admin.logentry", "pk": 11, "fields": {"action_time": "2022-10-10T10:28:47.828Z", "user": 1, "content_type": 10, "object_id": "6", "object_repr": "Рулонные бамбуковые", "action_flag": 1, "change_message": "[{\"added\": {}}]"}}, {"model": "admin.logentry", "pk": 12, "fields": {"action_time": "2022-10-10T10:29:09.133Z", "user": 1, "content_type": 10, "object_id": "7", "object_repr": "Рулонные кассетные", "action_flag": 1, "change_message": "[{\"added\": {}}]"}}, {"model": "admin.logentry", "pk": 13, "fields": {"action_time": "2022-10-10T10:29:31.500Z", "user": 1, "content_type": 10, "object_id": "8", "object_repr": "Рулонные кассетные КOMBO", "action_flag": 1, "change_message": "[{\"added\": {}}]"}}, {"model": "admin.logentry", "pk": 14, "fields": {"action_time": "2022-10-10T10:29:44.595Z", "user": 1, "content_type": 10, "object_id": "9", "object_repr": "Жалюзи Вертикальные пластиковые", "action_flag": 1, "change_message": "[{\"added\": {}}]"}}, {"model": "admin.logentry", "pk": 15, "fields": {"action_time": "2022-10-10T10:30:04.777Z", "user": 1, "content_type": 10, "object_id": "10", "object_repr": "Рулонные шторы РОЛЛО", "action_flag": 1, "change_message": "[{\"added\": {}}]"}}, {"model": "admin.logentry", "pk": 16, "fields": {"action_time": "2022-10-10T10:30:26.863Z", "user": 1, "content_type": 10, "object_id": "11", "object_repr": "Рулонные шторы шангриЛА", "action_flag": 1, "change_message": "[{\"added\": {}}]"}}, {"model": "admin.logentry", "pk": 17, "fields": {"action_time": "2022-10-10T10:30:42.381Z", "user": 1, "content_type": 10, "object_id": "12", "object_repr": "Фото жалюзи", "action_flag": 1, "change_message": "[{\"added\": {}}]"}}, {"model": "admin.logentry", "pk": 18, "fields": {"action_time": "2022-10-10T10:31:35.584Z", "user": 1, "content_type": 9, "object_id": "1", "object_repr": "Китайский", "action_flag": 1, "change_message": "[{\"added\": {}}]"}}, {"model": "admin.logentry", "pk": 19, "fields": {"action_time": "2022-10-10T10:32:04.014Z", "user": 1, "content_type": 9, "object_id": "2", "object_repr": "Корейский", "action_flag": 1, "change_message": "[{\"added\": {}}]"}}, {"model": "admin.logentry", "pk": 20, "fields": {"action_time": "2022-10-10T10:32:16.252Z", "user": 1, "content_type": 9, "object_id": "3", "object_repr": "Турецкий", "action_flag": 1, "change_message": "[{\"added\": {}}]"}}, {"model": "admin.logentry", "pk": 21, "fields": {"action_time": "2022-10-10T12:06:36.441Z", "user": 1, "content_type": 11, "object_id": "1", "object_repr": "Catalog object (1)", "action_flag": 1, "change_message": "[{\"added\": {}}]"}}, {"model": "admin.logentry", "pk": 22, "fields": {"action_time": "2022-10-10T12:06:41.839Z", "user": 1, "content_type": 11, "object_id": "2", "object_repr": "Catalog object (2)", "action_flag": 1, "change_message": "[{\"added\": {}}]"}}, {"model": "admin.logentry", "pk": 23, "fields": {"action_time": "2022-10-10T12:06:47.360Z", "user": 1, "content_type": 11, "object_id": "3", "object_repr": "Catalog object (3)", "action_flag": 1, "change_message": "[{\"added\": {}}]"}}, {"model": "admin.logentry", "pk": 24, "fields": {"action_time": "2022-10-10T12:06:52.098Z", "user": 1, "content_type": 11, "object_id": "4", "object_repr": "Catalog object (4)", "action_flag": 1, "change_message": "[{\"added\": {}}]"}}, {"model": "admin.logentry", "pk": 25, "fields": {"action_time": "2022-10-10T12:06:58.101Z", "user": 1, "content_type": 11, "object_id": "5", "object_repr": "Catalog object (5)", "action_flag": 1, "change_message": "[{\"added\": {}}]"}}, {"model": "admin.logentry", "pk": 26, "fields": {"action_time": "2022-10-10T12:07:04.635Z", "user": 1, "content_type": 11, "object_id": "6", "object_repr": "Catalog object (6)", "action_flag": 1, "change_message": "[{\"added\": {}}]"}}, {"model": "admin.logentry", "pk": 27, "fields": {"action_time": "2022-10-10T12:07:53.898Z", "user": 1, "content_type": 13, "object_id": "1", "object_repr": "Гладкие", "action_flag": 1, "change_message": "[{\"added\": {}}]"}}, {"model": "admin.logentry", "pk": 28, "fields": {"action_time": "2022-10-10T12:08:00.824Z", "user": 1, "content_type": 13, "object_id": "2", "object_repr": "С Фактурой", "action_flag": 1, "change_message": "[{\"added\": {}}]"}}, {"model": "admin.logentry", "pk": 29, "fields": {"action_time": "2022-10-10T12:09:35.310Z", "user": 1, "content_type": 14, "object_id": "1", "object_repr": "Черный", "action_flag": 1, "change_message": "[{\"added\": {}}]"}}, {"model": "admin.logentry", "pk": 30, "fields": {"action_time": "2022-10-10T12:09:44.749Z", "user": 1, "content_type": 14, "object_id": "2", "object_repr": "Желтый", "action_flag": 1, "change_message": "[{\"added\": {}}]"}}, {"model": "admin.logentry", "pk": 31, "fields": {"action_time": "2022-10-10T12:09:51.921Z", "user": 1, "content_type": 14, "object_id": "3", "object_repr": "Серый", "action_flag": 1, "change_message": "[{\"added\": {}}]"}}, {"model": "admin.logentry", "pk": 32, "fields": {"action_time": "2022-10-10T12:10:02.013Z", "user": 1, "content_type": 14, "object_id": "4", "object_repr": "Белый", "action_flag": 1, "change_message": "[{\"added\": {}}]"}}, {"model": "admin.logentry", "pk": 33, "fields": {"action_time": "2022-10-10T12:10:10.285Z", "user": 1, "content_type": 14, "object_id": "5", "object_repr": "Бежевый", "action_flag": 1, "change_message": "[{\"added\": {}}]"}}, {"model": "admin.logentry", "pk": 34, "fields": {"action_time": "2022-10-10T12:10:17.706Z", "user": 1, "content_type": 14, "object_id": "6", "object_repr": "Молочный", "action_flag": 1, "change_message": "[{\"added\": {}}]"}}, {"model": "admin.logentry", "pk": 35, "fields": {"action_time": "2022-10-10T12:10:29.242Z", "user": 1, "content_type": 14, "object_id": "7", "object_repr": "Зеленый", "action_flag": 1, "change_message": "[{\"added\": {}}]"}}, {"model": "admin.logentry", "pk": 36, "fields": {"action_time": "2022-10-10T12:10:41.758Z", "user": 1, "content_type": 14, "object_id": "8", "object_repr": "Коричневый", "action_flag": 1, "change_message": "[{\"added\": {}}]"}}, {"model": "admin.logentry", "pk": 37, "fields": {"action_time": "2022-10-10T12:10:49.153Z", "user": 1, "content_type": 14, "object_id": "9", "object_repr": "Узорный", "action_flag": 1, "change_message": "[{\"added\": {}}]"}}, {"model": "admin.logentry", "pk": 38, "fields": {"action_time": "2022-10-10T12:10:57.108Z", "user": 1, "content_type": 14, "object_id": "10", "object_repr": "Красный", "action_flag": 1, "change_message": "[{\"added\": {}}]"}}, {"model": "admin.logentry", "pk": 39, "fields": {"action_time": "2022-10-10T12:12:45.697Z", "user": 1, "content_type": 11, "object_id": "7", "object_repr": "коллекция № 0 (10)", "action_flag": 1, "change_message": "[{\"added\": {}}]"}}, {"model": "admin.logentry", "pk": 40, "fields": {"action_time": "2022-10-10T12:12:51.936Z", "user": 1, "content_type": 11, "object_id": "8", "object_repr": "коллекция №1 (25)", "action_flag": 1, "change_message": "[{\"added\": {}}]"}}, {"model": "admin.logentry", "pk": 41, "fields": {"action_time": "2022-10-10T12:12:56.878Z", "user": 1, "content_type": 11, "object_id": "9", "object_repr": "коллекция № 2 (26)", "action_flag": 1, "change_message": "[{\"added\": {}}]"}}, {"model": "admin.logentry", "pk": 42, "fields": {"action_time": "2022-10-10T12:13:02.726Z", "user": 1, "content_type": 11, "object_id": "9", "object_repr": "коллекция № 2", "action_flag": 2, "change_message": "[{\"changed\": {\"fields\": [\"Name\"]}}]"}}, {"model": "admin.logentry", "pk": 43, "fields": {"action_time": "2022-10-10T12:13:06.619Z", "user": 1, "content_type": 11, "object_id": "8", "object_repr": "коллекция №1", "action_flag": 2, "change_message": "[{\"changed\": {\"fields\": [\"Name\"]}}]"}}, {"model": "admin.logentry", "pk": 44, "fields": {"action_time": "2022-10-10T12:13:11.326Z", "user": 1, "content_type": 11, "object_id": "7", "object_repr": "коллекция № 0", "action_flag": 2, "change_message": "[{\"changed\": {\"fields\": [\"Name\"]}}]"}}, {"model": "admin.logentry", "pk": 45, "fields": {"action_time": "2022-10-10T12:13:20.825Z", "user": 1, "content_type": 11, "object_id": "10", "object_repr": "коллекция № 3", "action_flag": 1, "change_message": "[{\"added\": {}}]"}}, {"model": "admin.logentry", "pk": 46, "fields": {"action_time": "2022-10-10T12:13:28.164Z", "user": 1, "content_type": 11, "object_id": "11", "object_repr": "коллекция № 4", "action_flag": 1, "change_message": "[{\"added\": {}}]"}}, {"model": "admin.logentry", "pk": 47, "fields": {"action_time": "2022-10-10T12:13:34.995Z", "user": 1, "content_type": 11, "object_id": "12", "object_repr": "коллекция № 5", "action_flag": 1, "change_message": "[{\"added\": {}}]"}}, {"model": "admin.logentry", "pk": 48, "fields": {"action_time": "2022-10-10T12:14:51.484Z", "user": 1, "content_type": 15, "object_id": "1", "object_repr": "Полиестер", "action_flag": 1, "change_message": "[{\"added\": {}}]"}}, {"model": "admin.logentry", "pk": 49, "fields": {"action_time": "2022-10-10T12:24:51.850Z", "user": 1, "content_type": 12, "object_id": "1", "object_repr": "128-1", "action_flag": 1, "change_message": "[{\"added\": {}}]"}}, {"model": "admin.logentry", "pk": 50, "fields": {"action_time": "2022-10-10T12:40:28.562Z", "user": 1, "content_type": 12, "object_id": "1", "object_repr": "128-1", "action_flag": 2, "change_message": "[{\"changed\": {\"fields\": [\"Image\"]}}]"}}, {"model": "admin.logentry", "pk": 51, "fields": {"action_time": "2022-10-10T12:40:57.548Z", "user": 1, "content_type": 12, "object_id": "1", "object_repr": "128-1", "action_flag": 2, "change_message": "[{\"changed\": {\"fields\": [\"Price\"]}}]"}}, {"model": "admin.logentry", "pk": 52, "fields": {"action_time": "2022-10-10T12:43:08.859Z", "user": 1, "content_type": 12, "object_id": "2", "object_repr": "128-2", "action_flag": 1, "change_message": "[{\"added\": {}}]"}}, {"model": "admin.logentry", "pk": 53, "fields": {"action_time": "2022-10-10T12:44:25.647Z", "user": 1, "content_type": 12, "object_id": "3", "object_repr": "1504-1", "action_flag": 1, "change_message": "[{\"added\": {}}]"}}, {"model": "admin.logentry", "pk": 54, "fields": {"action_time": "2022-10-10T12:45:49.442Z", "user": 1, "content_type": 12, "object_id": "4", "object_repr": "JS05-1", "action_flag": 1, "change_message": "[{\"added\": {}}]"}}, {"model": "admin.logentry", "pk": 55, "fields": {"action_time": "2022-10-10T12:45:58.952Z", "user": 1, "content_type": 12, "object_id": "4", "object_repr": "JS05-1", "action_flag": 2, "change_message": "[{\"changed\": {\"fields\": [\"\\u041a\\u0430\\u0442\\u0430\\u043b\\u043e\\u0433\"]}}]"}}, {"model": "admin.logentry", "pk": 56, "fields": {"action_time": "2022-10-10T12:47:25.463Z", "user": 1, "content_type": 12, "object_id": "5", "object_repr": "03213", "action_flag": 1, "change_message": "[{\"added\": {}}]"}}, {"model": "admin.logentry", "pk": 57, "fields": {"action_time": "2022-10-10T18:47:59.846Z", "user": 1, "content_type": 12, "object_id": "7", "object_repr": "03215", "action_flag": 1, "change_message": "[{\"added\": {}}]"}}, {"model": "admin.logentry", "pk": 58, "fields": {"action_time": "2022-10-10T19:54:46.329Z", "user": 1, "content_type": 16, "object_id": "1", "object_repr": "Order object (1)", "action_flag": 1, "change_message": "[{\"added\": {}}]"}}, {"model": "admin.logentry", "pk": 59, "fields": {"action_time": "2022-10-10T19:54:57.396Z", "user": 1, "content_type": 16, "object_id": "1", "object_repr": "Order object (1)", "action_flag": 2, "change_message": "[{\"changed\": {\"fields\": [\"\\u041e\\u0431\\u0448\\u0430\\u044f \\u0446\\u0435\\u043d\\u0430\"]}}]"}}, {"model": "admin.logentry", "pk": 60, "fields": {"action_time": "2022-10-10T19:55:07.764Z", "user": 1, "content_type": 16, "object_id": "1", "object_repr": "Order object (1)", "action_flag": 2, "change_message": "[{\"changed\": {\"fields\": [\"\\u0421\\u0442\\u0430\\u0442\\u0443\\u0441\"]}}]"}}, {"model": "admin.logentry", "pk": 61, "fields": {"action_time": "2022-10-31T12:39:22.956Z", "user": 1, "content_type": 6, "object_id": "14", "object_repr": "909174221", "action_flag": 3, "change_message": ""}}, {"model": "admin.logentry", "pk": 62, "fields": {"action_time": "2022-10-31T12:39:22.967Z", "user": 1, "content_type": 6, "object_id": "13", "object_repr": "909174225", "action_flag": 3, "change_message": ""}}, {"model": "admin.logentry", "pk": 63, "fields": {"action_time": "2022-10-31T12:39:22.972Z", "user": 1, "content_type": 6, "object_id": "10", "object_repr": "909174227", "action_flag": 3, "change_message": ""}}, {"model": "admin.logentry", "pk": 64, "fields": {"action_time": "2022-10-31T12:39:22.979Z", "user": 1, "content_type": 6, "object_id": "11", "object_repr": "909174228", "action_flag": 3, "change_message": ""}}, {"model": "admin.logentry", "pk": 65, "fields": {"action_time": "2022-10-31T12:39:22.985Z", "user": 1, "content_type": 6, "object_id": "12", "object_repr": "909174455", "action_flag": 3, "change_message": ""}}, {"model": "admin.logentry", "pk": 66, "fields": {"action_time": "2022-10-31T12:39:22.990Z", "user": 1, "content_type": 6, "object_id": "15", "object_repr": "956469819", "action_flag": 3, "change_message": ""}}, {"model": "admin.logentry", "pk": 67, "fields": {"action_time": "2022-10-31T12:39:22.996Z", "user": 1, "content_type": 6, "object_id": "16", "object_repr": "956485555", "action_flag": 3, "change_message": ""}}, {"model": "admin.logentry", "pk": 68, "fields": {"action_time": "2022-10-31T12:39:23.001Z", "user": 1, "content_type": 6, "object_id": "6", "object_repr": "99696969", "action_flag": 3, "change_message": ""}}, {"model": "admin.logentry", "pk": 69, "fields": {"action_time": "2022-10-31T12:39:23.006Z", "user": 1, "content_type": 6, "object_id": "9", "object_repr": "99888", "action_flag": 3, "change_message": ""}}, {"model": "admin.logentry", "pk": 70, "fields": {"action_time": "2022-10-31T12:39:23.011Z", "user": 1, "content_type": 6, "object_id": "7", "object_repr": "998909174225", "action_flag": 3, "change_message": ""}}, {"model": "admin.logentry", "pk": 71, "fields": {"action_time": "2022-10-31T12:39:23.017Z", "user": 1, "content_type": 6, "object_id": "8", "object_repr": "99899999", "action_flag": 3, "change_message": ""}}, {"model": "admin.logentry", "pk": 72, "fields": {"action_time": "2022-10-31T12:39:23.023Z", "user": 1, "content_type": 6, "object_id": "3", "object_repr": "Abdulvorise1", "action_flag": 3, "change_message": ""}}, {"model": "admin.logentry", "pk": 73, "fields": {"action_time": "2022-10-31T12:39:23.029Z", "user": 1, "content_type": 6, "object_id": "4", "object_repr": "Abdulvorisee1", "action_flag": 3, "change_message": ""}}, {"model": "admin.logentry", "pk": 74, "fields": {"action_time": "2022-10-31T12:39:23.034Z", "user": 1, "content_type": 6, "object_id": "5", "object_repr": "Hello1", "action_flag": 3, "change_message": ""}}, {"model": "admin.logentry", "pk": 75, "fields": {"action_time": "2022-10-31T15:26:31.317Z", "user": 1, "content_type": 6, "object_id": "26", "object_repr": "909174225", "action_flag": 3, "change_message": ""}}, {"model": "admin.logentry", "pk": 76, "fields": {"action_time": "2022-10-31T15:26:31.323Z", "user": 1, "content_type": 6, "object_id": "17", "object_repr": "909174227", "action_flag": 3, "change_message": ""}}, {"model": "admin.logentry", "pk": 77, "fields": {"action_time": "2022-10-31T15:26:31.328Z", "user": 1, "content_type": 6, "object_id": "27", "object_repr": "909174555", "action_flag": 3, "change_message": ""}}, {"model": "admin.logentry", "pk": 78, "fields": {"action_time": "2022-10-31T15:26:31.333Z", "user": 1, "content_type": 6, "object_id": "29", "object_repr": "909182555", "action_flag": 3, "change_message": ""}}, {"model": "admin.logentry", "pk": 79, "fields": {"action_time": "2022-10-31T15:26:31.337Z", "user": 1, "content_type": 6, "object_id": "28", "object_repr": "909365555", "action_flag": 3, "change_message": ""}}, {"model": "admin.logentry", "pk": 80, "fields": {"action_time": "2022-10-31T15:26:31.342Z", "user": 1, "content_type": 6, "object_id": "31", "object_repr": "925465545", "action_flag": 3, "change_message": ""}}, {"model": "admin.logentry", "pk": 81, "fields": {"action_time": "2022-10-31T15:26:31.347Z", "user": 1, "content_type": 6, "object_id": "30", "object_repr": "946489888", "action_flag": 3, "change_message": ""}}, {"model": "admin.logentry", "pk": 82, "fields": {"action_time": "2022-10-31T15:34:27.400Z", "user": 1, "content_type": 6, "object_id": "32", "object_repr": "909174227", "action_flag": 3, "change_message": ""}}, {"model": "admin.logentry", "pk": 83, "fields": {"action_time": "2022-10-31T15:35:50.104Z", "user": 1, "content_type": 6, "object_id": "33", "object_repr": "909174227", "action_flag": 3, "change_message": ""}}, {"model": "admin.logentry", "pk": 84, "fields": {"action_time": "2022-10-31T15:41:24.785Z", "user": 1, "content_type": 6, "object_id": "35", "object_repr": "909174227", "action_flag": 3, "change_message": ""}}, {"model": "admin.logentry", "pk": 85, "fields": {"action_time": "2022-11-12T14:36:09.572Z", "user": 1, "content_type": 12, "object_id": "8", "object_repr": "Test 128", "action_flag": 1, "change_message": "[{\"added\": {}}]"}}, {"model": "admin.logentry", "pk": 86, "fields": {"action_time": "2022-11-16T12:04:58.919Z", "user": 1, "content_type": 12, "object_id": "9", "object_repr": "Test 129", "action_flag": 1, "change_message": "[{\"added\": {}}]"}}, {"model": "admin.logentry", "pk": 87, "fields": {"action_time": "2022-11-16T12:05:35.807Z", "user": 1, "content_type": 12, "object_id": "10", "object_repr": "Test 129", "action_flag": 1, "change_message": "[{\"added\": {}}]"}}, {"model": "admin.logentry", "pk": 88, "fields": {"action_time": "2022-11-18T12:02:56.810Z", "user": 1, "content_type": 12, "object_id": "10", "object_repr": "Test 129", "action_flag": 2, "change_message": "[]"}}, {"model": "admin.logentry", "pk": 89, "fields": {"action_time": "2022-11-22T15:08:05.263Z", "user": 1, "content_type": 16, "object_id": "3", "object_repr": "Order object (3)", "action_flag": 1, "change_message": "[{\"added\": {}}]"}}, {"model": "admin.logentry", "pk": 90, "fields": {"action_time": "2022-11-22T15:20:53.369Z", "user": 1, "content_type": 16, "object_id": "7", "object_repr": "Order object (7)", "action_flag": 3, "change_message": ""}}, {"model": "admin.logentry", "pk": 91, "fields": {"action_time": "2022-11-22T15:20:53.381Z", "user": 1, "content_type": 16, "object_id": "6", "object_repr": "Order object (6)", "action_flag": 3, "change_message": ""}}, {"model": "admin.logentry", "pk": 92, "fields": {"action_time": "2022-11-22T15:20:53.386Z", "user": 1, "content_type": 16, "object_id": "5", "object_repr": "Order object (5)", "action_flag": 3, "change_message": ""}}, {"model": "admin.logentry", "pk": 93, "fields": {"action_time": "2022-11-22T15:20:53.391Z", "user": 1, "content_type": 16, "object_id": "4", "object_repr": "Order object (4)", "action_flag": 3, "change_message": ""}}, {"model": "admin.logentry", "pk": 94, "fields": {"action_time": "2022-11-22T15:20:53.396Z", "user": 1, "content_type": 16, "object_id": "3", "object_repr": "Order object (3)", "action_flag": 3, "change_message": ""}}, {"model": "admin.logentry", "pk": 95, "fields": {"action_time": "2022-11-22T15:20:53.401Z", "user": 1, "content_type": 16, "object_id": "2", "object_repr": "Order object (2)", "action_flag": 3, "change_message": ""}}, {"model": "admin.logentry", "pk": 96, "fields": {"action_time": "2022-11-22T16:57:17.213Z", "user": 1, "content_type": 12, "object_id": "11", "object_repr": "15115", "action_flag": 3, "change_message": ""}}, {"model": "admin.logentry", "pk": 97, "fields": {"action_time": "2022-11-23T16:23:10.669Z", "user": 1, "content_type": 12, "object_id": "17", "object_repr": "lone", "action_flag": 3, "change_message": ""}}, {"model": "admin.logentry", "pk": 98, "fields": {"action_time": "2022-11-23T16:23:10.681Z", "user": 1, "content_type": 12, "object_id": "16", "object_repr": "lone", "action_flag": 3, "change_message": ""}}, {"model": "admin.logentry", "pk": 99, "fields": {"action_time": "2022-11-23T16:23:10.685Z", "user": 1, "content_type": 12, "object_id": "15", "object_repr": "lone", "action_flag": 3, "change_message": ""}}, {"model": "admin.logentry", "pk": 100, "fields": {"action_time": "2022-11-23T16:23:10.690Z", "user": 1, "content_type": 12, "object_id": "14", "object_repr": "what's", "action_flag": 3, "change_message": ""}}, {"model": "admin.logentry", "pk": 101, "fields": {"action_time": "2022-11-23T16:23:10.696Z", "user": 1, "content_type": 12, "object_id": "13", "object_repr": "15115", "action_flag": 3, "change_message": ""}}, {"model": "admin.logentry", "pk": 102, "fields": {"action_time": "2022-11-23T16:23:10.700Z", "user": 1, "content_type": 12, "object_id": "12", "object_repr": "15115", "action_flag": 3, "change_message": ""}}, {"model": "admin.logentry", "pk": 103, "fields": {"action_time": "2022-11-24T14:15:01.810Z", "user": 1, "content_type": 16, "object_id": "2", "object_repr": "Order object (2)", "action_flag": 1, "change_message": "[{\"added\": {}}]"}}, {"model": "admin.logentry", "pk": 104, "fields": {"action_time": "2022-11-24T14:55:45.790Z", "user": 1, "content_type": 12, "object_id": "10", "object_repr": "Test 129", "action_flag": 2, "change_message": "[{\"changed\": {\"fields\": [\"\\u041f\\u0443\\u0431\\u043b\\u0438\\u043a\\u0430\\u0446\\u0438\\u044f\"]}}]"}}, {"model": "admin.logentry", "pk": 105, "fields": {"action_time": "2022-11-24T14:55:45.801Z", "user": 1, "content_type": 12, "object_id": "9", "object_repr": "Test 129", "action_flag": 2, "change_message": "[{\"changed\": {\"fields\": [\"\\u041f\\u0443\\u0431\\u043b\\u0438\\u043a\\u0430\\u0446\\u0438\\u044f\"]}}]"}}, {"model": "admin.logentry", "pk": 106, "fields": {"action_time": "2022-11-24T14:55:45.814Z", "user": 1, "content_type": 12, "object_id": "8", "object_repr": "Test 128", "action_flag": 2, "change_message": "[{\"changed\": {\"fields\": [\"\\u041f\\u0443\\u0431\\u043b\\u0438\\u043a\\u0430\\u0446\\u0438\\u044f\"]}}]"}}, {"model": "admin.logentry", "pk": 107, "fields": {"action_time": "2022-11-24T14:55:45.820Z", "user": 1, "content_type": 12, "object_id": "7", "object_repr": "03215", "action_flag": 2, "change_message": "[{\"changed\": {\"fields\": [\"\\u041f\\u0443\\u0431\\u043b\\u0438\\u043a\\u0430\\u0446\\u0438\\u044f\"]}}]"}}, {"model": "admin.logentry", "pk": 108, "fields": {"action_time": "2022-11-24T14:55:45.838Z", "user": 1, "content_type": 12, "object_id": "5", "object_repr": "03213", "action_flag": 2, "change_message": "[{\"changed\": {\"fields\": [\"\\u041f\\u0443\\u0431\\u043b\\u0438\\u043a\\u0430\\u0446\\u0438\\u044f\"]}}]"}}, {"model": "admin.logentry", "pk": 109, "fields": {"action_time": "2022-11-24T14:55:45.851Z", "user": 1, "content_type": 12, "object_id": "4", "object_repr": "JS05-1", "action_flag": 2, "change_message": "[{\"changed\": {\"fields\": [\"\\u041f\\u0443\\u0431\\u043b\\u0438\\u043a\\u0430\\u0446\\u0438\\u044f\"]}}]"}}, {"model": "admin.logentry", "pk": 110, "fields": {"action_time": "2022-11-24T14:55:45.861Z", "user": 1, "content_type": 12, "object_id": "3", "object_repr": "1504-1", "action_flag": 2, "change_message": "[{\"changed\": {\"fields\": [\"\\u041f\\u0443\\u0431\\u043b\\u0438\\u043a\\u0430\\u0446\\u0438\\u044f\"]}}]"}}, {"model": "admin.logentry", "pk": 111, "fields": {"action_time": "2022-11-24T14:55:45.871Z", "user": 1, "content_type": 12, "object_id": "2", "object_repr": "128-2", "action_flag": 2, "change_message": "[{\"changed\": {\"fields\": [\"\\u041f\\u0443\\u0431\\u043b\\u0438\\u043a\\u0430\\u0446\\u0438\\u044f\"]}}]"}}, {"model": "admin.logentry", "pk": 112, "fields": {"action_time": "2022-11-24T14:55:45.881Z", "user": 1, "content_type": 12, "object_id": "1", "object_repr": "128-1", "action_flag": 2, "change_message": "[{\"changed\": {\"fields\": [\"\\u041f\\u0443\\u0431\\u043b\\u0438\\u043a\\u0430\\u0446\\u0438\\u044f\"]}}]"}}, {"model": "admin.logentry", "pk": 113, "fields": {"action_time": "2022-11-25T11:50:14.565Z", "user": 1, "content_type": 18, "object_id": "1", "object_repr": "Address object (1)", "action_flag": 1, "change_message": "[{\"added\": {}}]"}}, {"model": "admin.logentry", "pk": 114, "fields": {"action_time": "2022-11-25T11:50:42.448Z", "user": 1, "content_type": 17, "object_id": "1", "object_repr": "OrderProduct object (1)", "action_flag": 1, "change_message": "[{\"added\": {}}]"}}, {"model": "admin.logentry", "pk": 115, "fields": {"action_time": "2022-11-25T12:01:18.976Z", "user": 1, "content_type": 16, "object_id": "2", "object_repr": "Order object (2)", "action_flag": 2, "change_message": "[{\"changed\": {\"fields\": [\"\\u041e\\u0431\\u0448\\u0430\\u044f \\u0446\\u0435\\u043d\\u0430\", \"\\u041e\\u0431\\u0449.\\u043a\\u0432\", \"Amount\"]}}]"}}, {"model": "admin.logentry", "pk": 116, "fields": {"action_time": "2022-11-25T12:01:42.394Z", "user": 1, "content_type": 16, "object_id": "1", "object_repr": "Order object (1)", "action_flag": 2, "change_message": "[{\"changed\": {\"fields\": [\"\\u041e\\u0431\\u0448\\u0430\\u044f \\u0446\\u0435\\u043d\\u0430\", \"\\u041e\\u0431\\u0449.\\u043a\\u0432\", \"Amount\"]}}]"}}, {"model": "admin.logentry", "pk": 117, "fields": {"action_time": "2022-11-25T14:22:11.058Z", "user": 1, "content_type": 12, "object_id": "9", "object_repr": "Test 129", "action_flag": 2, "change_message": "[{\"changed\": {\"fields\": [\"Price\"]}}]"}}, {"model": "admin.logentry", "pk": 118, "fields": {"action_time": "2022-12-01T13:53:32.030Z", "user": 1, "content_type": 12, "object_id": "10", "object_repr": "Test 129", "action_flag": 2, "change_message": "[{\"changed\": {\"fields\": [\"Count\"]}}]"}}, {"model": "admin.logentry", "pk": 119, "fields": {"action_time": "2022-12-02T14:21:08.948Z", "user": 1, "content_type": 18, "object_id": "2", "object_repr": "Toshkent", "action_flag": 1, "change_message": "[{\"added\": {}}]"}}, {"model": "admin.logentry", "pk": 120, "fields": {"action_time": "2022-12-02T15:03:04.504Z", "user": 1, "content_type": 6, "object_id": "45", "object_repr": "909174227", "action_flag": 3, "change_message": ""}}, {"model": "admin.logentry", "pk": 121, "fields": {"action_time": "2022-12-02T15:18:50.691Z", "user": 1, "content_type": 18, "object_id": "4", "object_repr": "dsadsa", "action_flag": 3, "change_message": ""}}, {"model": "admin.logentry", "pk": 122, "fields": {"action_time": "2022-12-02T15:22:57.173Z", "user": 1, "content_type": 18, "object_id": "5", "object_repr": "dsa", "action_flag": 3, "change_message": ""}}, {"model": "admin.logentry", "pk": 123, "fields": {"action_time": "2022-12-02T15:24:52.233Z", "user": 1, "content_type": 18, "object_id": "9", "object_repr": "dsa", "action_flag": 3, "change_message": ""}}, {"model": "admin.logentry", "pk": 124, "fields": {"action_time": "2022-12-02T15:24:52.244Z", "user": 1, "content_type": 18, "object_id": "8", "object_repr": "dsa", "action_flag": 3, "change_message": ""}}, {"model": "admin.logentry", "pk": 125, "fields": {"action_time": "2022-12-02T15:24:52.248Z", "user": 1, "content_type": 18, "object_id": "7", "object_repr": "dsa", "action_flag": 3, "change_message": ""}}, {"model": "admin.logentry", "pk": 126, "fields": {"action_time": "2022-12-02T15:26:48.735Z", "user": 1, "content_type": 18, "object_id": "6", "object_repr": "Tashkent", "action_flag": 3, "change_message": ""}}, {"model": "admin.logentry", "pk": 127, "fields": {"action_time": "2022-12-02T15:28:09.888Z", "user": 1, "content_type": 18, "object_id": "10", "object_repr": "dd", "action_flag": 3, "change_message": ""}}, {"model": "admin.logentry", "pk": 128, "fields": {"action_time": "2022-12-02T15:28:50.174Z", "user": 1, "content_type": 18, "object_id": "11", "object_repr": "dd", "action_flag": 3, "change_message": ""}}, {"model": "admin.logentry", "pk": 129, "fields": {"action_time": "2022-12-02T15:34:37.487Z", "user": 1, "content_type": 18, "object_id": "12", "object_repr": "ddd", "action_flag": 3, "change_message": ""}}, {"model": "admin.logentry", "pk": 130, "fields": {"action_time": "2022-12-02T15:36:05.892Z", "user": 1, "content_type": 18, "object_id": "13", "object_repr": "ddd", "action_flag": 3, "change_message": ""}}, {"model": "admin.logentry", "pk": 131, "fields": {"action_time": "2022-12-02T15:36:47.650Z", "user": 1, "content_type": 18, "object_id": "14", "object_repr": "dd", "action_flag": 3, "change_message": ""}}, {"model": "admin.logentry", "pk": 132, "fields": {"action_time": "2022-12-02T15:37:38.121Z", "user": 1, "content_type": 18, "object_id": "15", "object_repr": "T", "action_flag": 3, "change_message": ""}}, {"model": "admin.logentry", "pk": 133, "fields": {"action_time": "2022-12-02T15:39:44.064Z", "user": 1, "content_type": 18, "object_id": "16", "object_repr": "dd", "action_flag": 3, "change_message": ""}}, {"model": "admin.logentry", "pk": 134, "fields": {"action_time": "2022-12-02T16:39:38.994Z", "user": 1, "content_type": 16, "object_id": "8", "object_repr": "Order object (8)", "action_flag": 3, "change_message": ""}}, {"model": "admin.logentry", "pk": 135, "fields": {"action_time": "2022-12-02T16:39:39.006Z", "user": 1, "content_type": 16, "object_id": "7", "object_repr": "Order object (7)", "action_flag": 3, "change_message": ""}}, {"model": "admin.logentry", "pk": 136, "fields": {"action_time": "2022-12-02T16:39:39.011Z", "user": 1, "content_type": 16, "object_id": "6", "object_repr": "Order object (6)", "action_flag": 3, "change_message": ""}}, {"model": "admin.logentry", "pk": 137, "fields": {"action_time": "2022-12-02T16:39:39.016Z", "user": 1, "content_type": 16, "object_id": "5", "object_repr": "Order object (5)", "action_flag": 3, "change_message": ""}}, {"model": "admin.logentry", "pk": 138, "fields": {"action_time": "2022-12-02T16:39:39.020Z", "user": 1, "content_type": 16, "object_id": "4", "object_repr": "Order object (4)", "action_flag": 3, "change_message": ""}}, {"model": "admin.logentry", "pk": 139, "fields": {"action_time": "2022-12-02T16:39:43.596Z", "user": 1, "content_type": 16, "object_id": "3", "object_repr": "Order object (3)", "action_flag": 3, "change_message": ""}}, {"model": "admin.logentry", "pk": 140, "fields": {"action_time": "2022-12-02T16:42:58.698Z", "user": 1, "content_type": 16, "object_id": "14", "object_repr": "Order object (14)", "action_flag": 3, "change_message": ""}}, {"model": "admin.logentry", "pk": 141, "fields": {"action_time": "2022-12-02T16:42:58.710Z", "user": 1, "content_type": 16, "object_id": "13", "object_repr": "Order object (13)", "action_flag": 3, "change_message": ""}}, {"model": "admin.logentry", "pk": 142, "fields": {"action_time": "2022-12-02T16:42:58.717Z", "user": 1, "content_type": 16, "object_id": "12", "object_repr": "Order object (12)", "action_flag": 3, "change_message": ""}}, {"model": "admin.logentry", "pk": 143, "fields": {"action_time": "2022-12-02T16:42:58.723Z", "user": 1, "content_type": 16, "object_id": "11", "object_repr": "Order object (11)", "action_flag": 3, "change_message": ""}}, {"model": "admin.logentry", "pk": 144, "fields": {"action_time": "2022-12-02T16:42:58.730Z", "user": 1, "content_type": 16, "object_id": "10", "object_repr": "Order object (10)", "action_flag": 3, "change_message": ""}}, {"model": "admin.logentry", "pk": 145, "fields": {"action_time": "2022-12-02T16:42:58.738Z", "user": 1, "content_type": 16, "object_id": "9", "object_repr": "Order object (9)", "action_flag": 3, "change_message": ""}}, {"model": "admin.logentry", "pk": 146, "fields": {"action_time": "2022-12-02T16:57:40.867Z", "user": 1, "content_type": 16, "object_id": "21", "object_repr": "Order object (21)", "action_flag": 3, "change_message": ""}}, {"model": "admin.logentry", "pk": 147, "fields": {"action_time": "2022-12-02T16:57:40.879Z", "user": 1, "content_type": 16, "object_id": "20", "object_repr": "Order object (20)", "action_flag": 3, "change_message": ""}}, {"model": "admin.logentry", "pk": 148, "fields": {"action_time": "2022-12-02T16:57:40.884Z", "user": 1, "content_type": 16, "object_id": "19", "object_repr": "Order object (19)", "action_flag": 3, "change_message": ""}}, {"model": "admin.logentry", "pk": 149, "fields": {"action_time": "2022-12-02T16:57:40.889Z", "user": 1, "content_type": 16, "object_id": "18", "object_repr": "Order object (18)", "action_flag": 3, "change_message": ""}}, {"model": "admin.logentry", "pk": 150, "fields": {"action_time": "2022-12-02T16:57:40.894Z", "user": 1, "content_type": 16, "object_id": "17", "object_repr": "Order object (17)", "action_flag": 3, "change_message": ""}}, {"model": "admin.logentry", "pk": 151, "fields": {"action_time": "2022-12-02T16:57:40.898Z", "user": 1, "content_type": 16, "object_id": "16", "object_repr": "Order object (16)", "action_flag": 3, "change_message": ""}}, {"model": "admin.logentry", "pk": 152, "fields": {"action_time": "2022-12-02T16:57:40.936Z", "user": 1, "content_type": 16, "object_id": "15", "object_repr": "Order object (15)", "action_flag": 3, "change_message": ""}}, {"model": "admin.logentry", "pk": 153, "fields": {"action_time": "2022-12-02T17:02:14.252Z", "user": 1, "content_type": 16, "object_id": "24", "object_repr": "Order object (24)", "action_flag": 3, "change_message": ""}}, {"model": "admin.logentry", "pk": 154, "fields": {"action_time": "2022-12-02T17:02:14.258Z", "user": 1, "content_type": 16, "object_id": "23", "object_repr": "Order object (23)", "action_flag": 3, "change_message": ""}}, {"model": "admin.logentry", "pk": 155, "fields": {"action_time": "2022-12-02T17:02:14.263Z", "user": 1, "content_type": 16, "object_id": "22", "object_repr": "Order object (22)", "action_flag": 3, "change_message": ""}}, {"model": "admin.logentry", "pk": 156, "fields": {"action_time": "2022-12-07T19:53:33.835Z", "user": 1, "content_type": 16, "object_id": "29", "object_repr": "Order object (29)", "action_flag": 2, "change_message": "[{\"changed\": {\"fields\": [\"\\u041e\\u0431\\u0448\\u0430\\u044f \\u0446\\u0435\\u043d\\u0430\"]}}]"}}, {"model": "admin.logentry", "pk": 157, "fields": {"action_time": "2022-12-10T10:07:42.511Z", "user": 47, "content_type": 6, "object_id": "46", "object_repr": "909174227", "action_flag": 3, "change_message": ""}}, {"model": "admin.logentry", "pk": 158, "fields": {"action_time": "2022-12-24T08:24:55.777Z", "user": 49, "content_type": 19, "object_id": "1", "object_repr": "30+", "action_flag": 2, "change_message": "[{\"changed\": {\"fields\": [\"\\u041a\\u043b\\u0438\\u0435\\u043d\\u0442\\u044b\"]}}]"}}, {"model": "admin.logentry", "pk": 159, "fields": {"action_time": "2022-12-24T08:35:35.228Z", "user": 49, "content_type": 12, "object_id": "1", "object_repr": "128-1", "action_flag": 2, "change_message": "[{\"changed\": {\"fields\": [\"Image\"]}}]"}}, {"model": "admin.logentry", "pk": 160, "fields": {"action_time": "2022-12-24T08:35:58.187Z", "user": 49, "content_type": 12, "object_id": "1", "object_repr": "128-1", "action_flag": 2, "change_message": "[{\"changed\": {\"fields\": [\"Image\"]}}]"}}, {"model": "admin.logentry", "pk": 161, "fields": {"action_time": "2022-12-27T07:03:26.718Z", "user": 49, "content_type": 19, "object_id": "1", "object_repr": "10,000+", "action_flag": 2, "change_message": "[{\"changed\": {\"fields\": [\"\\u041a\\u043b\\u0438\\u0435\\u043d\\u0442\\u044b\", \"\\u041e\\u043f\\u044b\\u0442 \\u0440\\u0430\\u0431\\u043e\\u0442\\u044b\", \"\\u041f\\u0440\\u043e\\u0434\\u0443\\u043a\\u0442\\u044b\"]}}]"}}, {"model": "auth.permission", "pk": 1, "fields": {"name": "Can add log entry", "content_type": 1, "codename": "add_logentry"}}, {"model": "auth.permission", "pk": 2, "fields": {"name": "Can change log entry", "content_type": 1, "codename": "change_logentry"}}, {"model": "auth.permission", "pk": 3, "fields": {"name": "Can delete log entry", "content_type": 1, "codename": "delete_logentry"}}, {"model": "auth.permission", "pk": 4, "fields": {"name": "Can view log entry", "content_type": 1, "codename": "view_logentry"}}, {"model": "auth.permission", "pk": 5, "fields": {"name": "Can add permission", "content_type": 2, "codename": "add_permission"}}, {"model": "auth.permission", "pk": 6, "fields": {"name": "Can change permission", "content_type": 2, "codename": "change_permission"}}, {"model": "auth.permission", "pk": 7, "fields": {"name": "Can delete permission", "content_type": 2, "codename": "delete_permission"}}, {"model": "auth.permission", "pk": 8, "fields": {"name": "Can view permission", "content_type": 2, "codename": "view_permission"}}, {"model": "auth.permission", "pk": 9, "fields": {"name": "Can add group", "content_type": 3, "codename": "add_group"}}, {"model": "auth.permission", "pk": 10, "fields": {"name": "Can change group", "content_type": 3, "codename": "change_group"}}, {"model": "auth.permission", "pk": 11, "fields": {"name": "Can delete group", "content_type": 3, "codename": "delete_group"}}, {"model": "auth.permission", "pk": 12, "fields": {"name": "Can view group", "content_type": 3, "codename": "view_group"}}, {"model": "auth.permission", "pk": 13, "fields": {"name": "Can add content type", "content_type": 4, "codename": "add_contenttype"}}, {"model": "auth.permission", "pk": 14, "fields": {"name": "Can change content type", "content_type": 4, "codename": "change_contenttype"}}, {"model": "auth.permission", "pk": 15, "fields": {"name": "Can delete content type", "content_type": 4, "codename": "delete_contenttype"}}, {"model": "auth.permission", "pk": 16, "fields": {"name": "Can view content type", "content_type": 4, "codename": "view_contenttype"}}, {"model": "auth.permission", "pk": 17, "fields": {"name": "Can add session", "content_type": 5, "codename": "add_session"}}, {"model": "auth.permission", "pk": 18, "fields": {"name": "Can change session", "content_type": 5, "codename": "change_session"}}, {"model": "auth.permission", "pk": 19, "fields": {"name": "Can delete session", "content_type": 5, "codename": "delete_session"}}, {"model": "auth.permission", "pk": 20, "fields": {"name": "Can view session", "content_type": 5, "codename": "view_session"}}, {"model": "auth.permission", "pk": 21, "fields": {"name": "Can add user", "content_type": 6, "codename": "add_customuser"}}, {"model": "auth.permission", "pk": 22, "fields": {"name": "Can change user", "content_type": 6, "codename": "change_customuser"}}, {"model": "auth.permission", "pk": 23, "fields": {"name": "Can delete user", "content_type": 6, "codename": "delete_customuser"}}, {"model": "auth.permission", "pk": 24, "fields": {"name": "Can view user", "content_type": 6, "codename": "view_customuser"}}, {"model": "auth.permission", "pk": 25, "fields": {"name": "Can add Token", "content_type": 7, "codename": "add_token"}}, {"model": "auth.permission", "pk": 26, "fields": {"name": "Can change Token", "content_type": 7, "codename": "change_token"}}, {"model": "auth.permission", "pk": 27, "fields": {"name": "Can delete Token", "content_type": 7, "codename": "delete_token"}}, {"model": "auth.permission", "pk": 28, "fields": {"name": "Can view Token", "content_type": 7, "codename": "view_token"}}, {"model": "auth.permission", "pk": 29, "fields": {"name": "Can add token", "content_type": 8, "codename": "add_tokenproxy"}}, {"model": "auth.permission", "pk": 30, "fields": {"name": "Can change token", "content_type": 8, "codename": "change_tokenproxy"}}, {"model": "auth.permission", "pk": 31, "fields": {"name": "Can delete token", "content_type": 8, "codename": "delete_tokenproxy"}}, {"model": "auth.permission", "pk": 32, "fields": {"name": "Can view token", "content_type": 8, "codename": "view_tokenproxy"}}, {"model": "auth.permission", "pk": 33, "fields": {"name": "Can add sub category", "content_type": 9, "codename": "add_subcategory"}}, {"model": "auth.permission", "pk": 34, "fields": {"name": "Can change sub category", "content_type": 9, "codename": "change_subcategory"}}, {"model": "auth.permission", "pk": 35, "fields": {"name": "Can delete sub category", "content_type": 9, "codename": "delete_subcategory"}}, {"model": "auth.permission", "pk": 36, "fields": {"name": "Can view sub category", "content_type": 9, "codename": "view_subcategory"}}, {"model": "auth.permission", "pk": 37, "fields": {"name": "Can add category", "content_type": 10, "codename": "add_category"}}, {"model": "auth.permission", "pk": 38, "fields": {"name": "Can change category", "content_type": 10, "codename": "change_category"}}, {"model": "auth.permission", "pk": 39, "fields": {"name": "Can delete category", "content_type": 10, "codename": "delete_category"}}, {"model": "auth.permission", "pk": 40, "fields": {"name": "Can view category", "content_type": 10, "codename": "view_category"}}, {"model": "auth.permission", "pk": 41, "fields": {"name": "Can add Каталог", "content_type": 11, "codename": "add_catalog"}}, {"model": "auth.permission", "pk": 42, "fields": {"name": "Can change Каталог", "content_type": 11, "codename": "change_catalog"}}, {"model": "auth.permission", "pk": 43, "fields": {"name": "Can delete Каталог", "content_type": 11, "codename": "delete_catalog"}}, {"model": "auth.permission", "pk": 44, "fields": {"name": "Can view Каталог", "content_type": 11, "codename": "view_catalog"}}, {"model": "auth.permission", "pk": 45, "fields": {"name": "Can add product", "content_type": 12, "codename": "add_product"}}, {"model": "auth.permission", "pk": 46, "fields": {"name": "Can change product", "content_type": 12, "codename": "change_product"}}, {"model": "auth.permission", "pk": 47, "fields": {"name": "Can delete product", "content_type": 12, "codename": "delete_product"}}, {"model": "auth.permission", "pk": 48, "fields": {"name": "Can view product", "content_type": 12, "codename": "view_product"}}, {"model": "auth.permission", "pk": 49, "fields": {"name": "Can add Свойства", "content_type": 13, "codename": "add_property"}}, {"model": "auth.permission", "pk": 50, "fields": {"name": "Can change Свойства", "content_type": 13, "codename": "change_property"}}, {"model": "auth.permission", "pk": 51, "fields": {"name": "Can delete Свойства", "content_type": 13, "codename": "delete_property"}}, {"model": "auth.permission", "pk": 52, "fields": {"name": "Can view Свойства", "content_type": 13, "codename": "view_property"}}, {"model": "auth.permission", "pk": 53, "fields": {"name": "Can add Цвета", "content_type": 14, "codename": "add_color"}}, {"model": "auth.permission", "pk": 54, "fields": {"name": "Can change Цвета", "content_type": 14, "codename": "change_color"}}, {"model": "auth.permission", "pk": 55, "fields": {"name": "Can delete Цвета", "content_type": 14, "codename": "delete_color"}}, {"model": "auth.permission", "pk": 56, "fields": {"name": "Can view Цвета", "content_type": 14, "codename": "view_color"}}, {"model": "auth.permission", "pk": 57, "fields": {"name": "Can add Тип ткани", "content_type": 15, "codename": "add_fabrictype"}}, {"model": "auth.permission", "pk": 58, "fields": {"name": "Can change Тип ткани", "content_type": 15, "codename": "change_fabrictype"}}, {"model": "auth.permission", "pk": 59, "fields": {"name": "Can delete Тип ткани", "content_type": 15, "codename": "delete_fabrictype"}}, {"model": "auth.permission", "pk": 60, "fields": {"name": "Can view Тип ткани", "content_type": 15, "codename": "view_fabrictype"}}, {"model": "auth.permission", "pk": 61, "fields": {"name": "Can add order", "content_type": 16, "codename": "add_order"}}, {"model": "auth.permission", "pk": 62, "fields": {"name": "Can change order", "content_type": 16, "codename": "change_order"}}, {"model": "auth.permission", "pk": 63, "fields": {"name": "Can delete order", "content_type": 16, "codename": "delete_order"}}, {"model": "auth.permission", "pk": 64, "fields": {"name": "Can view order", "content_type": 16, "codename": "view_order"}}, {"model": "auth.permission", "pk": 65, "fields": {"name": "Can add order product", "content_type": 17, "codename": "add_orderproduct"}}, {"model": "auth.permission", "pk": 66, "fields": {"name": "Can change order product", "content_type": 17, "codename": "change_orderproduct"}}, {"model": "auth.permission", "pk": 67, "fields": {"name": "Can delete order product", "content_type": 17, "codename": "delete_orderproduct"}}, {"model": "auth.permission", "pk": 68, "fields": {"name": "Can view order product", "content_type": 17, "codename": "view_orderproduct"}}, {"model": "auth.permission", "pk": 69, "fields": {"name": "Can add address", "content_type": 18, "codename": "add_address"}}, {"model": "auth.permission", "pk": 70, "fields": {"name": "Can change address", "content_type": 18, "codename": "change_address"}}, {"model": "auth.permission", "pk": 71, "fields": {"name": "Can delete address", "content_type": 18, "codename": "delete_address"}}, {"model": "auth.permission", "pk": 72, "fields": {"name": "Can view address", "content_type": 18, "codename": "view_address"}}, {"model": "auth.permission", "pk": 73, "fields": {"name": "Can add achievement", "content_type": 19, "codename": "add_achievement"}}, {"model": "auth.permission", "pk": 74, "fields": {"name": "Can change achievement", "content_type": 19, "codename": "change_achievement"}}, {"model": "auth.permission", "pk": 75, "fields": {"name": "Can delete achievement", "content_type": 19, "codename": "delete_achievement"}}, {"model": "auth.permission", "pk": 76, "fields": {"name": "Can view achievement", "content_type": 19, "codename": "view_achievement"}}, {"model": "auth.permission", "pk": 77, "fields": {"name": "Can add contact", "content_type": 20, "codename": "add_contact"}}, {"model": "auth.permission", "pk": 78, "fields": {"name": "Can change contact", "content_type": 20, "codename": "change_contact"}}, {"model": "auth.permission", "pk": 79, "fields": {"name": "Can delete contact", "content_type": 20, "codename": "delete_contact"}}, {"model": "auth.permission", "pk": 80, "fields": {"name": "Can view contact", "content_type": 20, "codename": "view_contact"}}, {"model": "contenttypes.contenttype", "pk": 1, "fields": {"app_label": "admin", "model": "logentry"}}, {"model": "contenttypes.contenttype", "pk": 2, "fields": {"app_label": "auth", "model": "permission"}}, {"model": "contenttypes.contenttype", "pk": 3, "fields": {"app_label": "auth", "model": "group"}}, {"model": "contenttypes.contenttype", "pk": 4, "fields": {"app_label": "contenttypes", "model": "contenttype"}}, {"model": "contenttypes.contenttype", "pk": 5, "fields": {"app_label": "sessions", "model": "session"}}, {"model": "contenttypes.contenttype", "pk": 6, "fields": {"app_label": "auth_app", "model": "customuser"}}, {"model": "contenttypes.contenttype", "pk": 7, "fields": {"app_label": "authtoken", "model": "token"}}, {"model": "contenttypes.contenttype", "pk": 8, "fields": {"app_label": "authtoken", "model": "tokenproxy"}}, {"model": "contenttypes.contenttype", "pk": 9, "fields": {"app_label": "core", "model": "subcategory"}}, {"model": "contenttypes.contenttype", "pk": 10, "fields": {"app_label": "core", "model": "category"}}, {"model": "contenttypes.contenttype", "pk": 11, "fields": {"app_label": "core", "model": "catalog"}}, {"model": "contenttypes.contenttype", "pk": 12, "fields": {"app_label": "core", "model": "product"}}, {"model": "contenttypes.contenttype", "pk": 13, "fields": {"app_label": "core", "model": "property"}}, {"model": "contenttypes.contenttype", "pk": 14, "fields": {"app_label": "core", "model": "color"}}, {"model": "contenttypes.contenttype", "pk": 15, "fields": {"app_label": "core", "model": "fabrictype"}}, {"model": "contenttypes.contenttype", "pk": 16, "fields": {"app_label": "order", "model": "order"}}, {"model": "contenttypes.contenttype", "pk": 17, "fields": {"app_label": "order", "model": "orderproduct"}}, {"model": "contenttypes.contenttype", "pk": 18, "fields": {"app_label": "order", "model": "address"}}, {"model": "contenttypes.contenttype", "pk": 19, "fields": {"app_label": "core", "model": "achievement"}}, {"model": "contenttypes.contenttype", "pk": 20, "fields": {"app_label": "core", "model": "contact"}}, {"model": "sessions.session", "pk": "0zf75evkczucauv49m5pa3b3xmlki8yo", "fields": {"session_data": ".eJxVjMEOwiAQRP-FsyFAF-x69O43kIUFqRpISnsy_rtt0oOeJpn3Zt7C07oUv_Y0-4nFRWhx-u0CxWeqO-AH1XuTsdVlnoLcFXnQLm-N0-t6uH8HhXrZ1soSZKsYUePZag1gDA5kIxrnBrSZXEx6pMgOtqAwDhmIVQgqIYMTny-4EDdw:1oxUjG:xdqxQqthzO6DYJtnQJSrAhd1zf8MRmv3G7D-Ow6QAXA", "expire_date": "2022-12-06T14:58:30.859Z"}}, {"model": "sessions.session", "pk": "2zow9ythibcb8ycuyqrtn47f8y52msak", "fields": {"session_data": ".eJxVjMsOwiAQRf-FtSEIlIdL9_0GMsMMUjU0Ke3K-O_apAvd3nPOfYkE21rT1nlJE4mLsFGcfkeE_OC2E7pDu80yz21dJpS7Ig_a5TgTP6-H-3dQoddvjWgJC0RVvEMFQWkCMI7AFO_RQMk66OE82OhzYesyB4RYwLAj73UU7w8_DDky:1p8PH5:8bnpJciafokhCIaB1R3z5ySNMR_QzEmVrqrnsXZqdEU", "expire_date": "2023-01-05T17:22:31.962Z"}}, {"model": "sessions.session", "pk": "6kwnj54tc3dn51fa9su32wr1gp2bk314", "fields": {"session_data": ".eJxVjDsOwjAQBe_iGll2Fv8o6XMGa3e9xgGUSPlUiLtDpBTQvpl5L5VxW1veFpnzUNRFnaM6_Y6E_JBxJ-WO423SPI3rPJDeFX3QRfdTkef1cP8OGi7tWxtn2ICw7aBzVbgjELLRRSIEiCU5SliSsVyhAmGI0VvvXfEhSEis3h8MDzgQ:1pApOA:RjKXfJTj9Z-tmo5RQbQWEmgnCB4vbYaeg3HKH4Lq0qU", "expire_date": "2023-01-12T09:39:50.643Z"}}, {"model": "sessions.session", "pk": "7dsgwzydcmz98bl7o301shy87fh0d4s5", "fields": {"session_data": ".eJxVjMsOwiAQRf-FtSG8EZfu-w1khgGpGkhKuzL-uzbpQrf3nHNfLMK21riNvMSZ2IUZx06_I0J65LYTukO7dZ56W5cZ-a7wgw4-dcrP6-H-HVQY9VtLkUwJgXSxUFCTkEAKswxOYLKheEdC6TNlCcUDBLDWa0qZFKCRQbL3ByjdOOo:1p17a7:BT9uxQ_mwL_TLgvMbnVzZPD1hCvCtGe9B3h67A0poeA", "expire_date": "2022-12-16T15:04:03.123Z"}}, {"model": "sessions.session", "pk": "93nx7qm85z4kyshvkwo3re34pq2rjlsl", "fields": {"session_data": ".eJxVjMEOwiAQRP-FsyFAF-x69O43kIUFqRpISnsy_rtt0oOeJpn3Zt7C07oUv_Y0-4nFRWhx-u0CxWeqO-AH1XuTsdVlnoLcFXnQLm-N0-t6uH8HhXrZ1soSZKsYUePZag1gDA5kIxrnBrSZXEx6pMgOtqAwDhmIVQgqIYMTny-4EDdw:1owmqb:XL_p0Zq0kVJ_Lvon7d6hqjwhZk-38DH0ZO5IlUNN0hs", "expire_date": "2022-12-04T16:07:09.148Z"}}, {"model": "sessions.session", "pk": "c6xcaxj7jsrb1e2j3ngwrf4ip53ziutc", "fields": {"session_data": ".eJxVjMEOwiAQRP-FsyFAF-x69O43kIUFqRpISnsy_rtt0oOeJpn3Zt7C07oUv_Y0-4nFRWhx-u0CxWeqO-AH1XuTsdVlnoLcFXnQLm-N0-t6uH8HhXrZ1soSZKsYUePZag1gDA5kIxrnBrSZXEx6pMgOtqAwDhmIVQgqIYMTny-4EDdw:1oonxq:VfVYasctlOQ4lCycH7W4X5v3EAklC7qetV_lyDFKZik", "expire_date": "2022-11-12T15:41:38.608Z"}}, {"model": "sessions.session", "pk": "cdyudflz47z1gcbbr42jckpad6y6o47b", "fields": {"session_data": ".eJxVjMEOwiAQRP-FsyFAF-x69O43kIUFqRpISnsy_rtt0oOeJpn3Zt7C07oUv_Y0-4nFRWhx-u0CxWeqO-AH1XuTsdVlnoLcFXnQLm-N0-t6uH8HhXrZ1soSZKsYUePZag1gDA5kIxrnBrSZXEx6pMgOtqAwDhmIVQgqIYMTny-4EDdw:1ohpnJ:p2GX0wsnLlQKNsf4p-49rbmaYaIcJH8m2b44cVkG-eM", "expire_date": "2022-10-24T10:13:57.460Z"}}, {"model": "sessions.session", "pk": "d5dgpziwuefg9s3bx1bukm4h8rcxt4hz", "fields": {"session_data": ".eJxVjMsOwiAQRf-FtSG8EZfu-w1khgGpGkhKuzL-uzbpQrf3nHNfLMK21riNvMSZ2IUZx06_I0J65LYTukO7dZ56W5cZ-a7wgw4-dcrP6-H-HVQY9VtLkUwJgXSxUFCTkEAKswxOYLKheEdC6TNlCcUDBLDWa0qZFKCRQbL3ByjdOOo:1p30OM:7-VyVHIgF7HmUBv16Jc8j0-h0KVMqdG8pJkOlAKoLLE", "expire_date": "2022-12-21T19:47:42.633Z"}}, {"model": "sessions.session", "pk": "d5qq38ud310s05f9sa96fszhoqur9phv", "fields": {"session_data": ".eJxVjDsOwjAQBe_iGlmO119Kes5geXcdHECOFCcV4u4QKQW0b2beS6S8rTVtvSxpYnEWxorT74iZHqXthO-53WZJc1uXCeWuyIN2eZ25PC-H-3dQc6_fWjPBSOCHgMoYrTEojY5LwYERrQ8YIzI7Yu20JxtH8ApyyMoCEBnx_gAZhDhb:1owleZ:bzyZrnd-X59bBgVyzM_1OkNNK2MNtcO-5TXd_wjGm3Y", "expire_date": "2022-12-04T14:50:39.439Z"}}, {"model": "sessions.session", "pk": "jgj6o5v2zfu2fydn9o66hrghlfcknrrf", "fields": {"session_data": ".eJxVjMEOwiAQRP-FsyFAF-x69O43kIUFqRpISnsy_rtt0oOeJpn3Zt7C07oUv_Y0-4nFRWhx-u0CxWeqO-AH1XuTsdVlnoLcFXnQLm-N0-t6uH8HhXrZ1soSZKsYUePZag1gDA5kIxrnBrSZXEx6pMgOtqAwDhmIVQgqIYMTny-4EDdw:1p30Pt:wuzyXIZpFZdVu17lbXJUoYx87UQuiNAaewiz4v2RbvE", "expire_date": "2022-12-21T19:49:17.492Z"}}, {"model": "sessions.session", "pk": "jtyw8b56enyfam63rdsklg3l0fyki7b4", "fields": {"session_data": ".eJxVjDsOwjAQBe_iGll2Fv8o6XMGa3e9xgGUSPlUiLtDpBTQvpl5L5VxW1veFpnzUNRFnaM6_Y6E_JBxJ-WO423SPI3rPJDeFX3QRfdTkef1cP8OGi7tWxtn2ICw7aBzVbgjELLRRSIEiCU5SliSsVyhAmGI0VvvXfEhSEis3h8MDzgQ:1pBJs7:QwCeLA4kkwUNwmELZxtwLdCTd4_Xp9H60LZDI3gmteQ", "expire_date": "2023-01-13T18:12:47.887Z"}}, {"model": "sessions.session", "pk": "lihnbkcu7lrgsyvrjsrg1y77h77av7j2", "fields": {"session_data": ".eJxVjMsOwiAQRf-FtSEIlIdL9_0GMsMMUjU0Ke3K-O_apAvd3nPOfYkE21rT1nlJE4mLsFGcfkeE_OC2E7pDu80yz21dJpS7Ig_a5TgTP6-H-3dQoddvjWgJC0RVvEMFQWkCMI7AFO_RQMk66OE82OhzYesyB4RYwLAj73UU7w8_DDky:1pBK9s:FWONynf_po2mgCD77Fn5t7y_v7CHuZ29korlZMSdtfI", "expire_date": "2023-01-13T18:31:08.690Z"}}, {"model": "sessions.session", "pk": "o7g9wqmxxtel1zqdojfli2ccxrxvphsx", "fields": {"session_data": ".eJxVjMEOwiAQRP-FsyFAF-x69O43kIUFqRpISnsy_rtt0oOeJpn3Zt7C07oUv_Y0-4nFRWhx-u0CxWeqO-AH1XuTsdVlnoLcFXnQLm-N0-t6uH8HhXrZ1soSZKsYUePZag1gDA5kIxrnBrSZXEx6pMgOtqAwDhmIVQgqIYMTny-4EDdw:1p17Yq:kEGiDk6ptVv4rZZq-83OVErV4EVrFM2_1qM57OXq8vA", "expire_date": "2022-12-16T15:02:44.398Z"}}, {"model": "sessions.session", "pk": "ptzn3ma3331ubal0ey21vd9mul8fb59d", "fields": {"session_data": ".eJxVjMEOwiAQRP-FsyFAF-x69O43kIUFqRpISnsy_rtt0oOeJpn3Zt7C07oUv_Y0-4nFRWhx-u0CxWeqO-AH1XuTsdVlnoLcFXnQLm-N0-t6uH8HhXrZ1soSZKsYUePZag1gDA5kIxrnBrSZXEx6pMgOtqAwDhmIVQgqIYMTny-4EDdw:1ohzP2:6MA4Av7tF8gSs6orT-zcTZRHkiN-o6mMRjZ82m8JTL0", "expire_date": "2022-10-24T20:29:32.225Z"}}, {"model": "sessions.session", "pk": "t5zdnur443gt6w4sh52igdwpym1zuxet", "fields": {"session_data": ".eJxVjMEOwiAQRP-FsyFAF-x69O43kIUFqRpISnsy_rtt0oOeJpn3Zt7C07oUv_Y0-4nFRWhx-u0CxWeqO-AH1XuTsdVlnoLcFXnQLm-N0-t6uH8HhXrZ1soSZKsYUePZag1gDA5kIxrnBrSZXEx6pMgOtqAwDhmIVQgqIYMTny-4EDdw:1opRcG:_UxCwBa-v4NoxrJ8Mjquv2ME8IysspmIL5wGDOII8Ks", "expire_date": "2022-11-14T10:02:00.535Z"}}, {"model": "sessions.session", "pk": "uuyhetnnsq7ct8vsp8n0croz091zuzw8", "fields": {"session_data": ".eJxVjMEOwiAQRP-FsyFAF-x69O43kIUFqRpISnsy_rtt0oOeJpn3Zt7C07oUv_Y0-4nFRWhx-u0CxWeqO-AH1XuTsdVlnoLcFXnQLm-N0-t6uH8HhXrZ1soSZKsYUePZag1gDA5kIxrnBrSZXEx6pMgOtqAwDhmIVQgqIYMTny-4EDdw:1oubve:VYtHSy6e2s570xMUt4Na-OrZtTOqrMEBmy8tDF9xSB8", "expire_date": "2022-11-28T16:03:22.064Z"}}, {"model": "core.category", "pk": 1, "fields": {"name": "Рулонные шторы КOMBO", "image": "category_images/kasetCombo-270x350_1.jpg"}}, {"model": "core.category", "pk": 2, "fields": {"name": "Вертикальные тканевые", "image": "category_images/vert.tkan-270x350.jpg"}}, {"model": "core.category", "pk": 3, "fields": {"name": "Горизонтальные алюминиевые", "image": "category_images/gorizont.alumin-270x350_1.jpg"}}, {"model": "core.category", "pk": 4, "fields": {"name": "Мультифактурные жалюзи", "image": "category_images/mutifakturniy-270x350.jpg"}}, {"model": "core.category", "pk": 5, "fields": {"name": "Горизонтальные деревянные", "image": "category_images/goriz.derev-270x350_1.jpg"}}, {"model": "core.category", "pk": 6, "fields": {"name": "Рулонные бамбуковые", "image": "category_images/4.jpg"}}, {"model": "core.category", "pk": 7, "fields": {"name": "Рулонные кассетные", "image": "category_images/rulon-270x350_1.jpg"}}, {"model": "core.category", "pk": 8, "fields": {"name": "Рулонные кассетные КOMBO", "image": "category_images/rulon_casCombo-270x350_1.jpg"}}, {"model": "core.category", "pk": 9, "fields": {"name": "Жалюзи Вертикальные пластиковые", "image": "category_images/vert.plast-270x350.jpg"}}, {"model": "core.category", "pk": 10, "fields": {"name": "Рулонные шторы РОЛЛО", "image": "category_images/combo-270x350.jpg"}}, {"model": "core.category", "pk": 11, "fields": {"name": "Рулонные шторы шангриЛА", "image": "category_images/shangrila-270x350.jpg"}}, {"model": "core.category", "pk": 12, "fields": {"name": "Фото жалюзи", "image": "category_images/foto.jalyuzi-270x350.jpg"}}, {"model": "core.subcategory", "pk": 1, "fields": {"name": "Китайский", "image": "subcategory_images/3-270x350.jpg", "category": 1}}, {"model": "core.subcategory", "pk": 2, "fields": {"name": "Корейский", "image": "subcategory_images/1-270x350.jpg", "category": 1}}, {"model": "core.subcategory", "pk": 3, "fields": {"name": "Турецкий", "image": "subcategory_images/2-270x350.jpg", "category": 1}}, {"model": "core.color", "pk": 1, "fields": {"name": "Черный"}}, {"model": "core.color", "pk": 2, "fields": {"name": "Желтый"}}, {"model": "core.color", "pk": 3, "fields": {"name": "Серый"}}, {"model": "core.color", "pk": 4, "fields": {"name": "Белый"}}, {"model": "core.color", "pk": 5, "fields": {"name": "Бежевый"}}, {"model": "core.color", "pk": 6, "fields": {"name": "Молочный"}}, {"model": "core.color", "pk": 7, "fields": {"name": "Зеленый"}}, {"model": "core.color", "pk": 8, "fields": {"name": "Коричневый"}}, {"model": "core.color", "pk": 9, "fields": {"name": "Узорный"}}, {"model": "core.color", "pk": 10, "fields": {"name": "Красный"}}, {"model": "core.fabrictype", "pk": 1, "fields": {"name": "Полиестер"}}, {"model": "core.property", "pk": 1, "fields": {"name": "Гладкие"}}, {"model": "core.property", "pk": 2, "fields": {"name": "С Фактурой"}}, {"model": "core.catalog", "pk": 1, "fields": {"name": "Standart"}}, {"model": "core.catalog", "pk": 2, "fields": {"name": "Basic"}}, {"model": "core.catalog", "pk": 3, "fields": {"name": "Elegant"}}, {"model": "core.catalog", "pk": 4, "fields": {"name": "Euro"}}, {"model": "core.catalog", "pk": 5, "fields": {"name": "Diamond"}}, {"model": "core.catalog", "pk": 6, "fields": {"name": "Exclusive"}}, {"model": "core.catalog", "pk": 7, "fields": {"name": "коллекция № 0"}}, {"model": "core.catalog", "pk": 8, "fields": {"name": "коллекция №1"}}, {"model": "core.catalog", "pk": 9, "fields": {"name": "коллекция № 2"}}, {"model": "core.catalog", "pk": 10, "fields": {"name": "коллекция № 3"}}, {"model": "core.catalog", "pk": 11, "fields": {"name": "коллекция № 4"}}, {"model": "core.catalog", "pk": 12, "fields": {"name": "коллекция № 5"}}, {"model": "core.product", "pk": 1, "fields": {"name": "128-1", "model": "128-1", "weight": "3002 см", "blackout": "50%", "property": 2, "fabrictype": 1, "category": null, "subcategory": 1, "catalog": 11, "image": "products/diamond-03213-228x228_0f4KkQW.jpg", "price": 285000, "count": 123, "status": true, "color": [8]}}, {"model": "core.product", "pk": 2, "fields": {"name": "128-2", "model": "128-2", "weight": "300 см", "blackout": "50%", "property": 2, "fabrictype": 1, "category": null, "subcategory": 1, "catalog": 11, "image": "products/4-kolleksiya.128-2-228x228.jpg", "price": 285000, "count": 12, "status": true, "color": [9]}}, {"model": "core.product", "pk": 3, "fields": {"name": "1504-1", "model": "1504-1", "weight": "305 см", "blackout": "50%", "property": 2, "fabrictype": 1, "category": null, "subcategory": 1, "catalog": 10, "image": "products/3-kolleksiya.1504-1-228x228.jpg", "price": 266000, "count": 20, "status": true, "color": [3]}}, {"model": "core.product", "pk": 4, "fields": {"name": "JS05-1", "model": "JS05-1", "weight": "280 см", "blackout": "20-30%", "property": 1, "fabrictype": 1, "category": null, "subcategory": 2, "catalog": 9, "image": "products/2-kolleksiya.JS05-1-228x228.jpg", "price": 399000, "count": 10, "status": true, "color": [5]}}, {"model": "core.product", "pk": 5, "fields": {"name": "03213", "model": "03213", "weight": "89 мм", "blackout": "50%", "property": 2, "fabrictype": 1, "category": 2, "subcategory": null, "catalog": 5, "image": "products/diamond-03213-228x228.jpg", "price": 123500, "count": 20, "status": true, "color": [2]}}, {"model": "core.product", "pk": 7, "fields": {"name": "03215", "model": "03215", "weight": "89 мм", "blackout": "50%", "property": 2, "fabrictype": 1, "category": 2, "subcategory": null, "catalog": 5, "image": "products/diamond-03215-228x228.jpg", "price": 205913, "count": 20, "status": true, "color": [8]}}, {"model": "core.product", "pk": 8, "fields": {"name": "Test 128", "model": "test-128", "weight": "300 см", "blackout": "50%", "property": 1, "fabrictype": 1, "category": 2, "subcategory": null, "catalog": 5, "image": "products/4-kolleksiya.128-2-228x228_k6NDv8F.jpg", "price": 5000, "count": 20, "status": true, "color": [2]}}, {"model": "core.product", "pk": 9, "fields": {"name": "Test 129", "model": "test-129", "weight": "300 см", "blackout": "50%", "property": 1, "fabrictype": 1, "category": 2, "subcategory": null, "catalog": 1, "image": "products/3-kolleksiya.1504-1-228x228_QCuXfcD.jpg", "price": 150000, "count": 50, "status": true, "color": [2, 4]}}, {"model": "core.product", "pk": 10, "fields": {"name": "Test 129", "model": "test-129", "weight": "300 см", "blackout": "50%", "property": 2, "fabrictype": 1, "category": 2, "subcategory": null, "catalog": 5, "image": "products/diamond-03215-228x228_74dSPcl.jpg", "price": 500000, "count": 20, "status": true, "color": [4, 7]}}, {"model": "core.contact", "pk": 1, "fields": {"name": "Abdulvoris", "email": "erkinovabdulvoris101@gmail.com", "phone_number": "909174227", "message": "Hello"}}, {"model": "core.contact", "pk": 2, "fields": {"name": "d", "email": "erkinovabdulvoris101@gmail.com", "phone_number": "d", "message": "d"}}, {"model": "core.contact", "pk": 3, "fields": {"name": "d", "email": "erkinovabdulvoris101@gmail.com", "phone_number": "d", "message": "d"}}, {"model": "core.contact", "pk": 4, "fields": {"name": "d", "email": "erkinovabdulvoris101@gmail.com", "phone_number": "d", "message": "d"}}, {"model": "core.contact", "pk": 5, "fields": {"name": "ddasdsas", "email": "erkinovabdulvoris101@gmail.com", "phone_number": "d", "message": "d"}}, {"model": "core.contact", "pk": 6, "fields": {"name": "ddasdsas", "email": "abdulvoris101@gmail.com", "phone_number": "d", "message": "d"}}, {"model": "core.contact", "pk": 7, "fields": {"name": "Abdulvoris", "email": "erkinov@gmail.com", "phone_number": "90917427", "message": "dasdasdas"}}, {"model": "core.contact", "pk": 8, "fields": {"name": "Jalyuzi", "email": "erkinov@gmail.com", "phone_number": "64654464546", "message": "MESSAGE"}}, {"model": "core.achievement", "pk": 1, "fields": {"clients": "100,000+", "experience": "20+", "products": "10,000+"}}, {"model": "auth_app.customuser", "pk": 1, "fields": {"password": "1", "last_login": "2022-12-10T10:01:25.148Z", "is_superuser": true, "username": "admin", "first_name": "", "last_name": "", "email": "", "is_staff": true, "is_active": true, "date_joined": "2022-10-10T08:28:17.862Z", "phone_number": "909174225", "confirm": null, "first_confirm": false, "groups": [], "user_permissions": []}}, {"model": "auth_app.customuser", "pk": 38, "fields": {"password": "pbkdf2_sha256$390000$KimMfdKDv2c0zS8sL1hruT$4JpSIl6A4DfbNXJ7aKwY2hSb9aj7HyLuOzyazc1VsbU=", "last_login": "2022-10-31T15:47:30.375Z", "is_superuser": false, "username": "909174555", "first_name": "Abdulvoris", "last_name": "Erkinov", "email": "", "is_staff": false, "is_active": true, "date_joined": "2022-10-31T15:47:18.049Z", "phone_number": "909174555", "confirm": 0, "first_confirm": true, "groups": [], "user_permissions": []}}, {"model": "auth_app.customuser", "pk": 43, "fields": {"password": "pbkdf2_sha256$390000$JdxIB4edkDh7LeFGqbmhCc$k1XLb8g0eC7VVz9zLC/dIFstmXh/D8axO2ibiOoeb7M=", "last_login": null, "is_superuser": false, "username": "901368466", "first_name": "Ismoil", "last_name": "Mirabbosoff", "email": "", "is_staff": false, "is_active": true, "date_joined": "2022-11-02T12:21:49.038Z", "phone_number": "901368466", "confirm": 58248, "first_confirm": false, "groups": [], "user_permissions": []}}, {"model": "auth_app.customuser", "pk": 47, "fields": {"password": "pbkdf2_sha256$390000$FzDBTlGOUf6dhUcprCfCln$LgFeffDCieNdFXTE53Yu30dfiuYdlGQNPa0GjJePAro=", "last_login": "2022-12-10T10:07:21.828Z", "is_superuser": true, "username": "testadmin", "first_name": "", "last_name": "", "email": "", "is_staff": true, "is_active": true, "date_joined": "2022-12-10T10:07:10.057Z", "phone_number": "", "confirm": null, "first_confirm": false, "groups": [], "user_permissions": []}}, {"model": "auth_app.customuser", "pk": 48, "fields": {"password": "pbkdf2_sha256$390000$2t1NPIKKf6Ie2bVtLuqgjn$EvlgSU25QIW7DhckCPGpJtJnsTN9So2G0erp9+HFb8Q=", "last_login": "2022-12-30T18:12:47.883Z", "is_superuser": false, "username": "909174227", "first_name": "Abdulvoris", "last_name": "Erkinov", "email": "", "is_staff": false, "is_active": true, "date_joined": "2022-12-10T10:21:27.365Z", "phone_number": "909174227", "confirm": 11545, "first_confirm": true, "groups": [], "user_permissions": []}}, {"model": "auth_app.customuser", "pk": 49, "fields": {"password": "pbkdf2_sha256$390000$JB8FJbNySyAEmV75Cjvear$eKPo6lJAncXtIVdcx6jHsoIk7oMRwuQ8SM3PfzAoemg=", "last_login": "2022-12-30T18:31:08.684Z", "is_superuser": true, "username": "admin1", "first_name": "", "last_name": "", "email": "", "is_staff": true, "is_active": true, "date_joined": "2022-12-22T17:22:13.991Z", "phone_number": "", "confirm": null, "first_confirm": false, "groups": [], "user_permissions": []}}, {"model": "order.address", "pk": 2, "fields": {"user": 1, "city": "Toshkent", "state": "Shayxontoxur Tumani", "address": "Abdullayev 19"}}, {"model": "order.address", "pk": 3, "fields": {"user": 1, "city": "Toshkent", "state": "Shayxontoxur Tumani", "address": "Abdullayev 19"}}, {"model": "order.address", "pk": 18, "fields": {"user": 48, "city": "Tashkent", "state": "Shaykhontoxur", "address": "O'zbekiston maxalla"}}, {"model": "order.address", "pk": 19, "fields": {"user": 49, "city": "das", "state": "dsa", "address": "das"}}, {"model": "order.order", "pk": 30, "fields": {"client": 48, "product": 9, "product_price": "150000", "overall_price": "225000", "size": "1x1.5", "status": "pending", "address": 18, "amount": 1, "created_at": "2022-12-22T08:53:11.493Z"}}, {"model": "order.order", "pk": 31, "fields": {"client": 48, "product": 1, "product_price": "285000", "overall_price": "855000", "size": "1x1.5", "status": "pending", "address": 18, "amount": 2, "created_at": "2022-12-22T17:22:58.945Z"}}, {"model": "order.order", "pk": 32, "fields": {"client": 48, "product": 1, "product_price": "285000", "overall_price": "427500", "size": "1x1.5", "status": "pending", "address": 18, "amount": 1, "created_at": "2022-12-22T17:23:19.783Z"}}, {"model": "order.order", "pk": 33, "fields": {"client": 48, "product": 2, "product_price": "285000", "overall_price": "427500", "size": "1x1.5", "status": "pending", "address": 18, "amount": 1, "created_at": "2022-12-22T17:23:19.794Z"}}, {"model": "order.order", "pk": 34, "fields": {"client": 48, "product": 1, "product_price": "285000", "overall_price": "427500", "size": "1x1.5", "status": "pending", "address": 18, "amount": 1, "created_at": "2022-12-22T17:26:04.433Z"}}, {"model": "order.order", "pk": 35, "fields": {"client": 48, "product": 2, "product_price": "285000", "overall_price": "427500", "size": "1x1.5", "status": "pending", "address": 18, "amount": 1, "created_at": "2022-12-22T17:26:04.441Z"}}, {"model": "order.order", "pk": 36, "fields": {"client": 48, "product": 1, "product_price": "565151", "overall_price": "125.500", "size": "1x1.5", "status": "pending", "address": 2, "amount": 1333, "created_at": "2022-12-22T17:33:12.968Z"}}, {"model": "order.order", "pk": 37, "fields": {"client": 48, "product": 1, "product_price": "565151", "overall_price": "125.500", "size": "1x1.5", "status": "pending", "address": 2, "amount": 1333, "created_at": "2022-12-22T17:33:29.387Z"}}, {"model": "order.order", "pk": 38, "fields": {"client": 48, "product": 4, "product_price": "565151", "overall_price": "125.500", "size": "1x1.5", "status": "pending", "address": 2, "amount": 134554, "created_at": "2022-12-22T17:36:18.619Z"}}, {"model": "order.order", "pk": 39, "fields": {"client": 48, "product": 4, "product_price": "565151", "overall_price": "125.500", "size": "1x1.5", "status": "pending", "address": 2, "amount": 134554, "created_at": "2022-12-22T17:36:42.111Z"}}, {"model": "order.order", "pk": 40, "fields": {"client": 48, "product": 7, "product_price": "205913", "overall_price": "308869.5", "size": "1x1.5", "status": "pending", "address": 18, "amount": 1, "created_at": "2022-12-22T17:38:55.326Z"}}, {"model": "order.order", "pk": 41, "fields": {"client": 48, "product": 10, "product_price": "500000", "overall_price": "750000", "size": "1x1.5", "status": "pending", "address": 18, "amount": 1, "created_at": "2022-12-22T17:39:28.507Z"}}, {"model": "order.order", "pk": 42, "fields": {"client": 48, "product": 4, "product_price": "399000", "overall_price": "3990000", "size": "2x5", "status": "pending", "address": 18, "amount": 1, "created_at": "2022-12-22T17:40:00.600Z"}}, {"model": "order.order", "pk": 43, "fields": {"client": 49, "product": 9, "product_price": "150000", "overall_price": "5400000", "size": "1x1.5", "status": "pending", "address": 18, "amount": 4, "created_at": "2022-12-24T08:29:28.808Z"}}, {"model": "order.order", "pk": 44, "fields": {"client": 49, "product": 7, "product_price": "205913", "overall_price": "2470956", "size": "2x3", "status": "pending", "address": 18, "amount": 2, "created_at": "2022-12-24T08:34:44.214Z"}}, {"model": "order.order", "pk": 45, "fields": {"client": 49, "product": 5, "product_price": "123500", "overall_price": "741000", "size": "2x3", "status": "pending", "address": 18, "amount": 1, "created_at": "2022-12-27T06:56:10.679Z"}}, {"model": "order.order", "pk": 46, "fields": {"client": 49, "product": 7, "product_price": "205913", "overall_price": "617739", "size": "2x1.5", "status": "pending", "address": 18, "amount": 1, "created_at": "2022-12-27T06:56:10.695Z"}}, {"model": "order.order", "pk": 47, "fields": {"client": 49, "product": 8, "product_price": "5000", "overall_price": "7500", "size": "1x1.5", "status": "pending", "address": 18, "amount": 1, "created_at": "2022-12-27T06:56:10.706Z"}}, {"model": "order.order", "pk": 48, "fields": {"client": 48, "product": 5, "product_price": "123500", "overall_price": "494000", "size": "2x1", "status": "pending", "address": 18, "amount": 2, "created_at": "2022-12-30T18:30:26.431Z"}}, {"model": "authtoken.token", "pk": "63174d83a21c157d676249afc5acb0ebd30a10a3", "fields": {"user": 38, "created": "2022-10-31T15:47:30.106Z"}}, {"model": "authtoken.token", "pk": "d2ccbfcb86207be85e66a545a0e1de8cd46c3c26", "fields": {"user": 1, "created": "2022-10-10T09:51:02.521Z"}}, {"model": "authtoken.token", "pk": "f130807759691aaf0e199a40cdf2d89c54cdbff3", "fields": {"user": 48, "created": "2022-12-10T10:22:00.271Z"}}]